הלבנה,הלבנת הון,90
הלבנה,הלבנת הון,90
הלבין,הלבנת הון,90
הלבנתי,הלבנת הון,90
העברה,הלבנת הון,10
מזומן,הלבנת הון,35
כסף,הלבנת הון,10
כסף שחור,הלבנת הון,60
מזומנים,הלבנת הון,85
חשבונות,הלבנת הון,60
בנק,הלבנת הון,75
הפקדה,הלבנת הון,65
משיכת,הלבנת הון,30
קריפטו,הלבנת הון,80
מטבעות,הלבנת הון,30
דיגיטלי,הלבנת הון,12
חוזים,הלבנת הון,15
סמים,סמים,90
חול,הלבנת הון,30
מדינה זרה,הלבנת הון,65
טרנספר,הלבנת הון,25
לא חוקי,הלבנת הון,95
הלוואה,הלבנת הון,20
חברה,הלבנת הון,50
חשבונית פקטיבית,הלבנת הון,95
חשבוניות פקטיביות,הלבנת הון,95
חשבון פקטיבי,הלבנת הון,95
שוחד,שחיתות,95
רווחים,הלבנת הון,60
מיסוי,הלבנת הון,65
הלבנת,הלבנת הון,85
זיכוי,הלבנת הון,50
אשראי,הלבנת הון,70
תשלומים,הלבנת הון,60
חשבונאות,הלבנת הון,50
כסף לבן,הלבנת הון,80
כסף מזויף,הלבנת הון,90
הלבנת כספים,הלבנת הון,85
מתחת לשולחן,שחיתות,95
החבר מהבנק,שחיתות,75
בלי ששמים לב,שחיתות,80
שאין משטרה,שחיתות,95
הונאה,שחיתות,30
סחר בסמים,סמים,50
מעילה,שחיתות,60
שחיתות,שחיתות,70
פשיטת רגל,שחיתות,10
גנבה,שחיתות,20
זיוף,שחיתות,30
הברחה,שחיתות,40
ירוק,סמים,50
סינדיקט,סמים,60
קרטל,סמים,70
סחיטה,שחיתות,40
איומים,שחיתות,50
זהב,הלבנת הון,20
תעלים עין,שחיתות,30
קוקאין,סמים,5
מורפיום,סמים,50
קנאביס,סמים,50
קריסטל,סמים,50
סטרואידים,סמים,50
מנאייק,שחיתות,40
כחול,שחיתות,15
מימון טרור,טרור,80
חמאס,טרור,60
רובה,טרור,70
נשק,טרור,60
רימון,טרור,20
הקפאת נכסים,טרור,50
נושאי מיסוי,הלבנת הון,30
פרוטקשן,שחיתות,60
הרצת מניות,שחיתות,50
ניפוח ומכירה,שחיתות,90
פאמפ אנד דאמפ,שחיתות,90
צביעת המסחר,שחיתות,50
מסחר סיבובי,שחיתות,50
ללחוץ על מחיר,שחיתות,50
מסחר פנים,שחיתות,70
שקרי,שחיתות,40
דרך החברות,שחיתות,50
סגור בדוחות,שחיתות,80
אין חשדות,שחיתות,40
אין דליפות,שחיתות,70
